idnumber,username,email,password,role
1,username-user1,user1@gmail.com,user1,client
2,username-user2,user2@gmail.com,user2,client
3,username-user3,user3@gmail.com,user3,client
4,username-user3,user4@gmail.com,user3,client
5,username-user1,user10@gmail.com,user1,client
6,234234,ter4744411@gmail.com,234324,client
7,adfgdsfgsdfg,sdfgsdfg,sfgsdfgdfg,client
8,wqeq,teqweqwer4744411@gmail.com,qweqwe,client
9,123,user112@gmail.com,12312,client
10,123,user11232@gmail.com,12312,client
11,123,user112322@gmail.com,12312,client
12,123,user1123422@gmail.com,12312,client
13,123,user11233422@gmail.com,12312,client
14,dfgdfg,ter64744411@gmail.com,dfgfdg,client
15,dfgdfg,ter645744411@gmail.com,dfgfdg,client
16,dfgdfg,ter6435744411@gmail.com,dfgfdg,client
17,dfgdfg,ter64335744411@gmail.com,dfgfdg,client
18,dfgdfg,ter643357344411@gmail.com,dfgfdg,client
19,dfgdfg,ter6433573344411@gmail.com,dfgfdg,client
20,dfgdfg,ter64335732344411@gmail.com,dfgfdg,client
21,dfgdfg,ter643357432344411@gmail.com,dfgfdg,client
22,dfgdfg,ter6433537432344411@gmail.com,dfgfdg,client
23,กพเพำเ,twerwerr4744411@gmail.com,ะัรีัีร,client
24,werwe,ter4744werewrwe411@gmail.com,werwe,client
25,sefes,ter4sdfsefs744411@gmail.com,sefsef,client
26,wer,ter474werwer4411@gmail.comw,werwe,client
27,asdasdasd,ter4744adas411@gmail.com,weasdasdsadas,client
28,asdasdasd,ter4744adaasds411@gmail.com,weasdasdsadas,client
29,fghfghfg,ter47dyjhy44411@gmail.com,gfhrthfkkkkkkkkkkkkkkk,client
30,asdfasdf,adsfsdfs,adfasdfas,client
31,asdfdsf,adsadfdsfmin1@gmail.com,edfaedfaeded,client
32,asdfdsf,adsadfdsasdfmin1@gmail.com,edfaedfaeded,client
33,lastest,lastest@gmail.com,lastest12345678,client
33,asdasdsad,user1asdasd@gmail.com,asdasdadasd,client
